dataset,metric,lambda,local_lambda,tuning,model,error_rate,global,local,count
communities,demographic_parity,0.5,0,False,Reweighing,18.0635,25.0803,7.7868,5
communities,demographic_parity,0.5,0,False,LFR,39.0985,0.2482,0.3672,5
communities,demographic_parity,0.5,0,False,DisparateImpactRemover,20.3672,19.0013,7.622,5
communities,demographic_parity,0.5,0,False,Fair-SMOTE,18.7646,27.3234,7.7981,5
communities,demographic_parity,0.5,0,False,LTDD,22.237,8.2711,13.0423,5
communities,demographic_parity,0.5,0,False,PrejudiceRemover,14.7914,48.4701,30.0246,5
communities,demographic_parity,0.5,0,False,FairnessConstraintModel,26.0767,8.8495,10.3935,5
communities,demographic_parity,0.5,0,False,DisparateMistreatmentModel,17.3622,34.5306,16.2561,5
communities,demographic_parity,0.5,0,False,GerryFairClassifier,46.2437,10.3788,6.4987,5
communities,demographic_parity,0.5,0,False,AdversarialDebiasing,23.7062,44.1589,31.0885,5
communities,demographic_parity,0.5,0,False,ExponentiatedGradientReduction,27.1452,4.3024,11.7786,5
communities,demographic_parity,0.5,0,False,GridSearchReduction,22.237,14.341,4.9092,5
communities,demographic_parity,0.5,0,False,MetaFairClassifier,47.0117,23.6218,17.896,5
communities,demographic_parity,0.5,0,False,FAGTB,20.4007,27.8942,12.4258,5
communities,demographic_parity,0.5,0,False,FairGeneralizedLinearModel,15.8932,42.4349,22.2117,5
communities,demographic_parity,0.5,0,False,GradualCompatibility,15.2588,43.2818,23.2322,5
communities,demographic_parity,0.5,0,False,RejectOptionClassification,53.0884,7.3311,5.5049,5
communities,demographic_parity,0.5,0,False,EqOddsPostprocessing,27.546,16.1616,13.5308,5
communities,demographic_parity,0.5,0,False,CalibratedEqOddsPostprocessing,18.0635,61.613,46.9597,5
communities,demographic_parity,0.5,0,False,JiangNachum,30.384,1.3856,8.5602,5
communities,demographic_parity,0.5,0,False,FaX,16.1937,37.7318,17.0429,5
compas,demographic_parity,0.5,0,False,Reweighing,32.4515,9.4841,4.4688,5
compas,demographic_parity,0.5,0,False,LFR,51.0044,2.6625,3.5042,5
compas,demographic_parity,0.5,0,False,DisparateImpactRemover,32.6135,21.9571,11.5842,5
compas,demographic_parity,0.5,0,False,Fair-SMOTE,33.4558,8.2183,5.2556,5
compas,demographic_parity,0.5,0,False,LTDD,32.8079,5.5593,5.0423,5
compas,demographic_parity,0.5,0,False,PrejudiceRemover,32.0411,24.0835,13.0821,5
compas,demographic_parity,0.5,0,False,FairnessConstraintModel,50.8748,7.9045,11.9187,5
compas,demographic_parity,0.5,0,False,DisparateMistreatmentModel,36.35,16.9211,6.2808,5
compas,demographic_parity,0.5,0,False,GerryFairClassifier,54.2223,0.0,0.0,5
compas,demographic_parity,0.5,0,False,AdversarialDebiasing,31.6199,23.8927,12.704,5
compas,demographic_parity,0.5,0,False,ExponentiatedGradientReduction,43.9633,3.3049,5.5753,5
compas,demographic_parity,0.5,0,False,GridSearchReduction,33.013,21.2683,9.7657,5
compas,demographic_parity,0.5,0,False,MetaFairClassifier,34.8595,20.7543,13.2727,5
compas,demographic_parity,0.5,0,False,FAGTB,33.283,16.4409,10.0371,5
compas,demographic_parity,0.5,0,False,FairGeneralizedLinearModel,32.4515,24.8122,13.8945,5
compas,demographic_parity,0.5,0,False,GradualCompatibility,34.9567,23.0289,14.2877,5
compas,demographic_parity,0.5,0,False,RejectOptionClassification,44.6004,5.2298,2.2256,5
compas,demographic_parity,0.5,0,False,EqOddsPostprocessing,36.1446,4.0743,7.368,5
compas,demographic_parity,0.5,0,False,CalibratedEqOddsPostprocessing,33.0886,29.1402,19.1964,5
compas,demographic_parity,0.5,0,False,JiangNachum,34.7947,2.3255,9.0111,5
compas,demographic_parity,0.5,0,False,FaX,32.4083,24.8379,13.8971,5
german,demographic_parity,0.5,0,False,Reweighing,22.1333,5.9057,6.8804,5
german,demographic_parity,0.5,0,False,LFR,22.1333,0.0,0.0,5
german,demographic_parity,0.5,0,False,DisparateImpactRemover,22.0666,5.719,6.9423,5
german,demographic_parity,0.5,0,False,Fair-SMOTE,29.4667,9.4666,8.6655,5
german,demographic_parity,0.5,0,False,LTDD,22.4,7.0384,7.683,5
german,demographic_parity,0.5,0,False,PrejudiceRemover,21.5334,4.7406,5.9294,5
german,demographic_parity,0.5,0,False,FairnessConstraintModel,22.2,7.1931,7.6781,5
german,demographic_parity,0.5,0,False,DisparateMistreatmentModel,22.1333,1.812,4.6359,5
german,demographic_parity,0.5,0,False,GerryFairClassifier,22.1333,3.1096,4.4456,5
german,demographic_parity,0.5,0,False,AdversarialDebiasing,21.9333,6.15,8.7221,5
german,demographic_parity,0.5,0,False,ExponentiatedGradientReduction,21.8,2.6264,4.9908,5
german,demographic_parity,0.5,0,False,GridSearchReduction,21.9334,3.357,5.2686,5
german,demographic_parity,0.5,0,False,MetaFairClassifier,22.4666,3.08,5.7502,5
german,demographic_parity,0.5,0,False,FAGTB,24.2668,3.56,8.4592,5
german,demographic_parity,0.5,0,False,FairGeneralizedLinearModel,22.0,3.5954,5.2447,5
german,demographic_parity,0.5,0,False,GradualCompatibility,22.0667,3.5001,5.2159,5
german,demographic_parity,0.5,0,False,RejectOptionClassification,34.4,8.7817,13.3987,5
german,demographic_parity,0.5,0,False,EqOddsPostprocessing,33.0666,1.689,5.3044,5
german,demographic_parity,0.5,0,False,CalibratedEqOddsPostprocessing,21.6,5.768,7.5138,5
german,demographic_parity,0.5,0,False,JiangNachum,21.8666,2.3141,5.1006,5
german,demographic_parity,0.5,0,False,FaX,22.2001,5.6115,6.6096,5
credit_card_clients,demographic_parity,0.5,0,False,Reweighing,19.1088,0.6134,1.4358,5
credit_card_clients,demographic_parity,0.5,0,False,LFR,22.1422,0.0,0.0,5
credit_card_clients,demographic_parity,0.5,0,False,DisparateImpactRemover,19.1955,1.6676,1.5619,5
credit_card_clients,demographic_parity,0.5,0,False,Fair-SMOTE,22.0733,5.7009,8.5098,5
credit_card_clients,demographic_parity,0.5,0,False,LTDD,19.1178,0.5145,1.5922,5
credit_card_clients,demographic_parity,0.5,0,False,PrejudiceRemover,19.109,2.3316,2.0887,5
credit_card_clients,demographic_parity,0.5,0,False,FairnessConstraintModel,19.9178,0.6022,1.5682,5
credit_card_clients,demographic_parity,0.5,0,False,GerryFairClassifier,20.2622,1.7601,1.0598,5
credit_card_clients,demographic_parity,0.5,0,False,AdversarialDebiasing,18.4512,0.6812,3.205,5
credit_card_clients,demographic_parity,0.5,0,False,ExponentiatedGradientReduction,19.1356,1.4875,1.1891,5
credit_card_clients,demographic_parity,0.5,0,False,GridSearchReduction,19.3622,1.0839,1.2552,5
credit_card_clients,demographic_parity,0.5,0,False,MetaFairClassifier,53.6423,23.894,22.7912,5
credit_card_clients,demographic_parity,0.5,0,False,FAGTB,18.54,1.3157,2.2864,5
credit_card_clients,demographic_parity,0.5,0,False,FairGeneralizedLinearModel,19.1178,1.4398,1.1031,5
credit_card_clients,demographic_parity,0.5,0,False,GradualCompatibility,39.9422,5.1069,3.7517,5
credit_card_clients,demographic_parity,0.5,0,False,RejectOptionClassification,20.8067,4.2505,2.9299,5
credit_card_clients,demographic_parity,0.5,0,False,EqOddsPostprocessing,19.7868,0.8322,2.019,5
credit_card_clients,demographic_parity,0.5,0,False,CalibratedEqOddsPostprocessing,20.0867,7.4052,6.3949,5
credit_card_clients,demographic_parity,0.5,0,False,JiangNachum,18.7043,0.732,2.3562,5
credit_card_clients,demographic_parity,0.5,0,False,FaX,19.0445,1.4878,1.2092,5
adult_data_set,demographic_parity,0.5,0,False,Reweighing,21.6782,5.3461,4.3517,5
adult_data_set,demographic_parity,0.5,0,False,LFR,24.8723,0.0,0.0,5
adult_data_set,demographic_parity,0.5,0,False,DisparateImpactRemover,21.597,8.8977,6.5469,5
adult_data_set,demographic_parity,0.5,0,False,Fair-SMOTE,29.0393,8.3725,7.7742,5
adult_data_set,demographic_parity,0.5,0,False,LTDD,22.3904,1.6832,3.8018,5
adult_data_set,demographic_parity,0.5,0,False,PrejudiceRemover,20.0217,23.8052,23.2693,5
adult_data_set,demographic_parity,0.5,0,False,GerryFairClassifier,54.6353,1.1625,1.1341,5
adult_data_set,demographic_parity,0.5,0,False,AdversarialDebiasing,20.4546,11.0384,10.3098,5
adult_data_set,demographic_parity,0.5,0,False,ExponentiatedGradientReduction,22.958,1.2847,4.0201,5
adult_data_set,demographic_parity,0.5,0,False,GridSearchReduction,22.499,2.8367,3.8892,5
adult_data_set,demographic_parity,0.5,0,False,MetaFairClassifier,34.6645,11.0715,18.7083,5
adult_data_set,demographic_parity,0.5,0,False,FAGTB,22.9002,8.1757,10.3685,5
adult_data_set,demographic_parity,0.5,0,False,GradualCompatibility,22.8335,7.0958,5.8019,5
adult_data_set,demographic_parity,0.5,0,False,EqOddsPostprocessing,24.464,0.8475,1.6246,5
adult_data_set,demographic_parity,0.5,0,False,CalibratedEqOddsPostprocessing,19.9203,23.9395,23.3836,5
adult_data_set,demographic_parity,0.5,0,False,JiangNachum,23.2794,0.6792,4.2669,5
adult_data_set,demographic_parity,0.5,0,False,FaX,21.7751,6.7817,5.5797,5
acs2017_census,demographic_parity,0.5,0,False,Reweighing,10.3025,15.0005,2.0016,5
acs2017_census,demographic_parity,0.5,0,False,LFR,40.5455,0.0,0.0,5
acs2017_census,demographic_parity,0.5,0,False,DisparateImpactRemover,10.6601,12.7569,4.1734,5
acs2017_census,demographic_parity,0.5,0,False,Fair-SMOTE,10.8756,15.3691,2.4361,5
acs2017_census,demographic_parity,0.5,0,False,LTDD,13.4809,0.628,16.678,5
acs2017_census,demographic_parity,0.5,0,False,PrejudiceRemover,9.9761,22.1764,6.9558,5
acs2017_census,demographic_parity,0.5,0,False,GerryFairClassifier,11.0717,19.5668,5.6664,5
acs2017_census,demographic_parity,0.5,0,False,AdversarialDebiasing,9.6938,17.0187,2.957,5
acs2017_census,demographic_parity,0.5,0,False,ExponentiatedGradientReduction,18.5112,1.8972,7.5596,5
acs2017_census,demographic_parity,0.5,0,False,GridSearchReduction,15.8801,5.5459,5.6298,5
acs2017_census,demographic_parity,0.5,0,False,MetaFairClassifier,18.6112,12.9412,10.3814,5
acs2017_census,demographic_parity,0.5,0,False,FAGTB,59.4545,0.0,0.0,5
acs2017_census,demographic_parity,0.5,0,False,GradualCompatibility,10.5876,18.8115,2.9809,5
acs2017_census,demographic_parity,0.5,0,False,EqOddsPostprocessing,12.7063,15.6309,6.9186,5
acs2017_census,demographic_parity,0.5,0,False,CalibratedEqOddsPostprocessing,11.1112,25.2997,10.7223,5
acs2017_census,demographic_parity,0.5,0,False,JiangNachum,15.3667,0.5814,18.4737,5
acs2017_census,demographic_parity,0.5,0,False,FaX,10.056,18.3428,2.9935,5
communities,treatment_equality,0.5,0,False,Reweighing,18.0635,39.9987,40.7743,5
communities,treatment_equality,0.5,0,False,LFR,39.4657,0.0,0.0,5
communities,treatment_equality,0.5,0,False,DisparateImpactRemover,20.3672,49.5096,50.2853,5
communities,treatment_equality,0.5,0,False,Fair-SMOTE,18.5977,33.9088,34.3286,5
communities,treatment_equality,0.5,0,False,LTDD,22.237,68.6757,65.14,5
communities,treatment_equality,0.5,0,False,PrejudiceRemover,14.7914,31.5958,34.6909,5
communities,treatment_equality,0.5,0,False,FairnessConstraintModel,26.0767,57.248,56.3509,5
communities,treatment_equality,0.5,0,False,DisparateMistreatmentModel,17.3622,20.9491,25.8364,5
communities,treatment_equality,0.5,0,False,GerryFairClassifier,46.2437,0.8108,1.0319,5
communities,treatment_equality,0.5,0,False,AdversarialDebiasing,15.6594,18.5651,25.8269,5
communities,treatment_equality,0.5,0,False,ExponentiatedGradientReduction,27.5126,58.0207,54.0475,5
communities,treatment_equality,0.5,0,False,GridSearchReduction,22.237,46.7025,41.2607,5
communities,treatment_equality,0.5,0,False,MetaFairClassifier,21.369,13.5246,19.9417,5
communities,treatment_equality,0.5,0,False,FAGTB,20.4007,24.8583,28.9299,5
communities,treatment_equality,0.5,0,False,FairGeneralizedLinearModel,15.8932,15.0937,25.0365,5
communities,treatment_equality,0.5,0,False,GradualCompatibility,15.2588,13.9289,20.4285,5
communities,treatment_equality,0.5,0,False,RejectOptionClassification,45.576,0.2192,0.1519,5
communities,treatment_equality,0.5,0,False,EqOddsPostprocessing,28.0133,42.0078,44.8151,5
communities,treatment_equality,0.5,0,False,CalibratedEqOddsPostprocessing,18.1635,56.4631,56.3959,5
communities,treatment_equality,0.5,0,False,JiangNachum,14.8582,36.3985,35.7115,5
communities,treatment_equality,0.5,0,False,FaX,16.1937,11.2313,16.7852,5
compas,treatment_equality,0.5,0,False,Reweighing,32.4515,4.9617,11.1951,5
compas,treatment_equality,0.5,0,False,LFR,45.7453,1.6847,1.3392,5
compas,treatment_equality,0.5,0,False,DisparateImpactRemover,32.6135,16.7529,13.6153,5
compas,treatment_equality,0.5,0,False,Fair-SMOTE,33.4558,4.1081,12.4767,5
compas,treatment_equality,0.5,0,False,LTDD,32.8079,9.4953,16.2457,5
compas,treatment_equality,0.5,0,False,PrejudiceRemover,32.0411,20.1519,14.957,5
compas,treatment_equality,0.5,0,False,FairnessConstraintModel,50.8748,18.4016,18.4218,5
compas,treatment_equality,0.5,0,False,DisparateMistreatmentModel,36.35,10.6928,6.5147,5
compas,treatment_equality,0.5,0,False,GerryFairClassifier,54.2223,0.0,0.0,5
compas,treatment_equality,0.5,0,False,AdversarialDebiasing,32.4947,14.8111,21.7644,5
compas,treatment_equality,0.5,0,False,ExponentiatedGradientReduction,43.6501,6.9344,11.5575,5
compas,treatment_equality,0.5,0,False,GridSearchReduction,33.013,16.782,10.6168,5
compas,treatment_equality,0.5,0,False,MetaFairClassifier,33.5206,32.1823,27.1863,5
compas,treatment_equality,0.5,0,False,FAGTB,34.3197,8.4907,15.1772,5
compas,treatment_equality,0.5,0,False,FairGeneralizedLinearModel,32.4515,21.1213,15.7943,5
compas,treatment_equality,0.5,0,False,GradualCompatibility,34.9567,15.682,14.486,5
compas,treatment_equality,0.5,0,False,RejectOptionClassification,43.0346,2.9905,3.0372,5
compas,treatment_equality,0.5,0,False,EqOddsPostprocessing,36.8574,7.4437,14.2585,5
compas,treatment_equality,0.5,0,False,CalibratedEqOddsPostprocessing,32.9159,24.9278,20.8711,5
compas,treatment_equality,0.5,0,False,JiangNachum,32.4839,21.5618,16.3581,5
compas,treatment_equality,0.5,0,False,FaX,32.4083,21.1731,15.5512,5
german,treatment_equality,0.5,0,False,Reweighing,22.1333,15.3078,19.0941,5
german,treatment_equality,0.5,0,False,LFR,22.1333,0.0,0.0,5
german,treatment_equality,0.5,0,False,DisparateImpactRemover,22.0666,14.1249,19.7926,5
german,treatment_equality,0.5,0,False,Fair-SMOTE,29.8667,18.6724,23.038,5
german,treatment_equality,0.5,0,False,LTDD,22.4,18.6866,21.8592,5
german,treatment_equality,0.5,0,False,PrejudiceRemover,21.5334,12.2128,17.1225,5
german,treatment_equality,0.5,0,False,FairnessConstraintModel,22.2,18.1692,19.702,5
german,treatment_equality,0.5,0,False,DisparateMistreatmentModel,22.1333,12.0419,16.1901,5
german,treatment_equality,0.5,0,False,GerryFairClassifier,22.1333,7.7038,13.962,5
german,treatment_equality,0.5,0,False,AdversarialDebiasing,28.2666,36.5222,36.1996,5
german,treatment_equality,0.5,0,False,ExponentiatedGradientReduction,21.7333,9.8401,16.9264,5
german,treatment_equality,0.5,0,False,GridSearchReduction,21.9334,11.2582,18.4131,5
german,treatment_equality,0.5,0,False,MetaFairClassifier,22.1333,11.8648,17.5251,5
german,treatment_equality,0.5,0,False,FAGTB,24.2668,9.8972,18.7218,5
german,treatment_equality,0.5,0,False,FairGeneralizedLinearModel,22.0,12.3681,18.0974,5
german,treatment_equality,0.5,0,False,GradualCompatibility,22.0667,12.2267,17.7578,5
german,treatment_equality,0.5,0,False,RejectOptionClassification,34.7333,12.1942,21.4641,5
german,treatment_equality,0.5,0,False,EqOddsPostprocessing,31.7999,9.908,12.0054,5
german,treatment_equality,0.5,0,False,CalibratedEqOddsPostprocessing,22.4667,19.9291,14.9773,5
german,treatment_equality,0.5,0,False,JiangNachum,21.6,12.0743,18.52,5
german,treatment_equality,0.5,0,False,FaX,22.2001,15.4721,18.9587,5
credit_card_clients,treatment_equality,0.5,0,False,Reweighing,19.1088,0.8894,2.5667,5
credit_card_clients,treatment_equality,0.5,0,False,LFR,22.1422,0.0,0.0,5
credit_card_clients,treatment_equality,0.5,0,False,DisparateImpactRemover,19.1955,1.9364,3.4092,5
credit_card_clients,treatment_equality,0.5,0,False,Fair-SMOTE,22.0355,20.6311,20.5706,5
credit_card_clients,treatment_equality,0.5,0,False,LTDD,19.1178,1.6552,2.8827,5
credit_card_clients,treatment_equality,0.5,0,False,PrejudiceRemover,19.109,3.2247,3.3014,5
credit_card_clients,treatment_equality,0.5,0,False,FairnessConstraintModel,19.9178,2.3477,2.8784,5
credit_card_clients,treatment_equality,0.5,0,False,GerryFairClassifier,20.2622,2.3104,1.2318,5
credit_card_clients,treatment_equality,0.5,0,False,AdversarialDebiasing,18.3511,4.7589,7.0645,5
credit_card_clients,treatment_equality,0.5,0,False,ExponentiatedGradientReduction,19.1289,1.4124,1.8795,5
credit_card_clients,treatment_equality,0.5,0,False,GridSearchReduction,19.3622,1.1955,1.8998,5
credit_card_clients,treatment_equality,0.5,0,False,MetaFairClassifier,19.2023,5.4194,7.7605,5
credit_card_clients,treatment_equality,0.5,0,False,FAGTB,18.54,2.6429,7.2473,5
credit_card_clients,treatment_equality,0.5,0,False,GradualCompatibility,39.9422,0.7312,4.4722,5
credit_card_clients,treatment_equality,0.5,0,False,RejectOptionClassification,20.1089,3.3231,6.2587,5
credit_card_clients,treatment_equality,0.5,0,False,EqOddsPostprocessing,19.6422,2.6043,5.4714,5
credit_card_clients,treatment_equality,0.5,0,False,CalibratedEqOddsPostprocessing,20.2244,10.9524,7.1502,5
credit_card_clients,treatment_equality,0.5,0,False,JiangNachum,19.1088,4.1469,2.9942,5
credit_card_clients,treatment_equality,0.5,0,False,FaX,19.0445,1.4403,2.0156,5
adult_data_set,treatment_equality,0.5,0,False,Reweighing,21.6782,31.081,12.6603,5
adult_data_set,treatment_equality,0.5,0,False,LFR,24.8723,0.0,0.0,5
adult_data_set,treatment_equality,0.5,0,False,DisparateImpactRemover,21.597,19.4853,11.9608,5
adult_data_set,treatment_equality,0.5,0,False,Fair-SMOTE,28.8656,17.8866,14.1181,5
adult_data_set,treatment_equality,0.5,0,False,LTDD,22.3904,38.2633,19.2222,5
adult_data_set,treatment_equality,0.5,0,False,PrejudiceRemover,20.0217,33.1665,26.7635,5
adult_data_set,treatment_equality,0.5,0,False,GerryFairClassifier,54.6353,0.8693,0.5026,5
adult_data_set,treatment_equality,0.5,0,False,AdversarialDebiasing,20.5761,21.9405,9.565,5
adult_data_set,treatment_equality,0.5,0,False,ExponentiatedGradientReduction,23.0102,39.1815,11.7565,5
adult_data_set,treatment_equality,0.5,0,False,GridSearchReduction,22.499,36.0528,10.4931,5
adult_data_set,treatment_equality,0.5,0,False,MetaFairClassifier,27.587,8.5581,18.9574,5
adult_data_set,treatment_equality,0.5,0,False,FAGTB,22.9002,29.0383,21.9135,5
adult_data_set,treatment_equality,0.5,0,False,GradualCompatibility,22.8335,25.2015,7.8839,5
adult_data_set,treatment_equality,0.5,0,False,EqOddsPostprocessing,24.4625,6.1304,8.5541,5
adult_data_set,treatment_equality,0.5,0,False,CalibratedEqOddsPostprocessing,19.9999,33.818,26.6442,5
adult_data_set,treatment_equality,0.5,0,False,JiangNachum,19.9233,30.1428,24.7095,5
adult_data_set,treatment_equality,0.5,0,False,FaX,21.7751,21.8788,10.1427,5
acs2017_census,treatment_equality,0.5,0,False,Reweighing,10.3025,30.8724,15.839,5
acs2017_census,treatment_equality,0.5,0,False,LFR,40.5455,0.0,0.0,5
acs2017_census,treatment_equality,0.5,0,False,DisparateImpactRemover,10.6601,40.3463,23.2278,5
acs2017_census,treatment_equality,0.5,0,False,Fair-SMOTE,10.8655,27.2319,15.2756,5
acs2017_census,treatment_equality,0.5,0,False,LTDD,13.4809,78.7652,55.1394,5
acs2017_census,treatment_equality,0.5,0,False,PrejudiceRemover,9.9761,5.1623,9.7143,5
acs2017_census,treatment_equality,0.5,0,False,GerryFairClassifier,11.0717,6.6393,8.0838,5
acs2017_census,treatment_equality,0.5,0,False,AdversarialDebiasing,9.7451,20.8767,13.6033,5
acs2017_census,treatment_equality,0.5,0,False,ExponentiatedGradientReduction,18.6222,50.0025,32.3197,5
acs2017_census,treatment_equality,0.5,0,False,GridSearchReduction,15.8801,49.197,30.8239,5
acs2017_census,treatment_equality,0.5,0,False,MetaFairClassifier,25.7344,1.4933,3.4848,5
acs2017_census,treatment_equality,0.5,0,False,FAGTB,59.4545,0.0,0.0,5
acs2017_census,treatment_equality,0.5,0,False,GradualCompatibility,10.5876,11.6926,4.9181,5
acs2017_census,treatment_equality,0.5,0,False,EqOddsPostprocessing,12.7081,22.1755,40.4103,5
acs2017_census,treatment_equality,0.5,0,False,CalibratedEqOddsPostprocessing,11.0745,18.41,26.4515,5
acs2017_census,treatment_equality,0.5,0,False,JiangNachum,10.0339,3.6609,8.5617,5
acs2017_census,treatment_equality,0.5,0,False,FaX,10.056,14.6909,7.5315,5
communities,equalized_odds,0.5,0,False,Reweighing,18.0635,4.6466,17.0609,5
communities,equalized_odds,0.5,0,False,LFR,39.2654,1.2671,0.3972,5
communities,equalized_odds,0.5,0,False,DisparateImpactRemover,20.3672,5.124,19.4197,5
communities,equalized_odds,0.5,0,False,Fair-SMOTE,18.9983,4.104,15.2891,5
communities,equalized_odds,0.5,0,False,LTDD,22.237,16.0123,31.2877,5
communities,equalized_odds,0.5,0,False,PrejudiceRemover,14.7914,26.7317,27.7112,5
communities,equalized_odds,0.5,0,False,FairnessConstraintModel,26.0767,11.9031,20.7686,5
communities,equalized_odds,0.5,0,False,DisparateMistreatmentModel,17.3622,11.1881,16.4861,5
communities,equalized_odds,0.5,0,False,GerryFairClassifier,46.2437,5.8539,3.9024,5
communities,equalized_odds,0.5,0,False,AdversarialDebiasing,15.5926,24.2691,27.5967,5
communities,equalized_odds,0.5,0,False,ExponentiatedGradientReduction,17.8966,5.1336,13.2339,5
communities,equalized_odds,0.5,0,False,GridSearchReduction,16.3607,15.7082,17.3507,5
communities,equalized_odds,0.5,0,False,MetaFairClassifier,29.5159,16.0896,18.2737,5
communities,equalized_odds,0.5,0,False,FAGTB,20.4007,9.0997,14.1317,5
communities,equalized_odds,0.5,0,False,FairGeneralizedLinearModel,15.8932,19.4661,24.6299,5
communities,equalized_odds,0.5,0,False,GradualCompatibility,15.2588,20.0144,23.7549,5
communities,equalized_odds,0.5,0,False,RejectOptionClassification,42.3373,6.1816,4.1351,5
communities,equalized_odds,0.5,0,False,EqOddsPostprocessing,28.5142,5.4581,18.0036,5
communities,equalized_odds,0.5,0,False,CalibratedEqOddsPostprocessing,18.1637,46.5076,43.1526,5
communities,equalized_odds,0.5,0,False,JiangNachum,20.7679,4.3007,8.6885,5
communities,equalized_odds,0.5,0,False,FaX,16.1937,14.727,17.5238,5
compas,equalized_odds,0.5,0,False,Reweighing,32.4515,6.2165,5.6935,5
compas,equalized_odds,0.5,0,False,LFR,44.6438,1.3837,1.8749,5
compas,equalized_odds,0.5,0,False,DisparateImpactRemover,32.6135,18.6777,11.4939,5
compas,equalized_odds,0.5,0,False,Fair-SMOTE,33.499,5.6179,6.1208,5
compas,equalized_odds,0.5,0,False,LTDD,32.8079,2.8803,6.9123,5
compas,equalized_odds,0.5,0,False,PrejudiceRemover,32.0411,20.6592,13.227,5
compas,equalized_odds,0.5,0,False,FairnessConstraintModel,50.8748,6.7018,11.1476,5
compas,equalized_odds,0.5,0,False,DisparateMistreatmentModel,36.35,14.7829,6.2082,5
compas,equalized_odds,0.5,0,False,GerryFairClassifier,54.2223,0.0,0.0,5
compas,equalized_odds,0.5,0,False,AdversarialDebiasing,32.1275,8.0075,12.9615,5
compas,equalized_odds,0.5,0,False,ExponentiatedGradientReduction,44.6329,3.0665,4.5609,5
compas,equalized_odds,0.5,0,False,GridSearchReduction,37.9483,14.3082,9.5292,5
compas,equalized_odds,0.5,0,False,MetaFairClassifier,33.3694,26.7222,20.313,5
compas,equalized_odds,0.5,0,False,FAGTB,34.3197,5.1198,8.6743,5
compas,equalized_odds,0.5,0,False,FairGeneralizedLinearModel,32.4515,21.5305,13.8952,5
compas,equalized_odds,0.5,0,False,GradualCompatibility,34.9567,19.6922,13.6319,5
compas,equalized_odds,0.5,0,False,RejectOptionClassification,42.9697,5.0062,1.1866,5
compas,equalized_odds,0.5,0,False,EqOddsPostprocessing,36.717,2.7334,8.6304,5
compas,equalized_odds,0.5,0,False,CalibratedEqOddsPostprocessing,33.4019,28.4895,21.5335,5
compas,equalized_odds,0.5,0,False,JiangNachum,34.2332,1.9965,9.0542,5
compas,equalized_odds,0.5,0,False,FaX,32.4083,21.5484,13.8409,5
german,equalized_odds,0.5,0,False,Reweighing,22.1333,9.3156,10.9045,5
german,equalized_odds,0.5,0,False,LFR,22.1333,0.0,0.0,5
german,equalized_odds,0.5,0,False,DisparateImpactRemover,22.0666,10.0402,11.9146,5
german,equalized_odds,0.5,0,False,Fair-SMOTE,31.0001,8.9726,17.9135,5
german,equalized_odds,0.5,0,False,LTDD,22.4,10.3792,12.5785,5
german,equalized_odds,0.5,0,False,PrejudiceRemover,21.5334,8.1879,11.0803,5
german,equalized_odds,0.5,0,False,FairnessConstraintModel,22.2,11.0893,13.5725,5
german,equalized_odds,0.5,0,False,DisparateMistreatmentModel,22.1333,4.6732,9.8944,5
german,equalized_odds,0.5,0,False,GerryFairClassifier,22.1333,6.0929,6.4361,5
german,equalized_odds,0.5,0,False,AdversarialDebiasing,22.0667,12.9259,13.604,5
german,equalized_odds,0.5,0,False,ExponentiatedGradientReduction,21.8,4.8488,11.1149,5
german,equalized_odds,0.5,0,False,GridSearchReduction,21.9334,5.5589,9.907,5
german,equalized_odds,0.5,0,False,MetaFairClassifier,22.2666,7.5335,13.4616,5
german,equalized_odds,0.5,0,False,FAGTB,24.2668,6.4691,14.4544,5
german,equalized_odds,0.5,0,False,FairGeneralizedLinearModel,22.0,5.6526,9.9229,5
german,equalized_odds,0.5,0,False,GradualCompatibility,22.0667,5.4026,9.6468,5
german,equalized_odds,0.5,0,False,RejectOptionClassification,34.8,10.5573,19.8743,5
german,equalized_odds,0.5,0,False,EqOddsPostprocessing,24.6667,10.7875,14.4294,5
german,equalized_odds,0.5,0,False,CalibratedEqOddsPostprocessing,22.0667,12.7198,15.0455,5
german,equalized_odds,0.5,0,False,JiangNachum,21.8667,6.5065,10.2265,5
german,equalized_odds,0.5,0,False,FaX,22.2001,8.7011,11.0954,5
credit_card_clients,equalized_odds,0.5,0,False,Reweighing,19.1088,1.7924,2.3507,5
credit_card_clients,equalized_odds,0.5,0,False,LFR,22.1422,0.0,0.0,5
credit_card_clients,equalized_odds,0.5,0,False,DisparateImpactRemover,19.1955,1.8062,2.5053,5
credit_card_clients,equalized_odds,0.5,0,False,Fair-SMOTE,22.0955,7.9461,11.1831,5
credit_card_clients,equalized_odds,0.5,0,False,LTDD,19.1178,2.133,2.6571,5
credit_card_clients,equalized_odds,0.5,0,False,PrejudiceRemover,19.109,1.8989,3.1258,5
credit_card_clients,equalized_odds,0.5,0,False,FairnessConstraintModel,19.9178,2.0883,2.2771,5
credit_card_clients,equalized_odds,0.5,0,False,GerryFairClassifier,20.2622,1.8101,1.2063,5
credit_card_clients,equalized_odds,0.5,0,False,AdversarialDebiasing,18.2799,2.9649,5.4246,5
credit_card_clients,equalized_odds,0.5,0,False,ExponentiatedGradientReduction,19.1065,1.0405,2.11,5
credit_card_clients,equalized_odds,0.5,0,False,GridSearchReduction,19.16,1.3886,1.9533,5
credit_card_clients,equalized_odds,0.5,0,False,MetaFairClassifier,18.7823,1.9618,3.5755,5
credit_card_clients,equalized_odds,0.5,0,False,FAGTB,18.54,1.9371,4.6316,5
credit_card_clients,equalized_odds,0.5,0,False,GradualCompatibility,39.9422,3.9563,5.2927,5
credit_card_clients,equalized_odds,0.5,0,False,RejectOptionClassification,20.8422,3.9809,5.6982,5
credit_card_clients,equalized_odds,0.5,0,False,EqOddsPostprocessing,19.649,1.1717,2.6703,5
credit_card_clients,equalized_odds,0.5,0,False,CalibratedEqOddsPostprocessing,20.0867,10.4981,7.0234,5
credit_card_clients,equalized_odds,0.5,0,False,JiangNachum,18.8334,1.4858,2.7138,5
credit_card_clients,equalized_odds,0.5,0,False,FaX,19.0445,1.126,2.0466,5
adult_data_set,equalized_odds,0.5,0,False,Reweighing,21.6782,1.4733,4.3426,5
adult_data_set,equalized_odds,0.5,0,False,LFR,24.8723,0.0,0.0,5
adult_data_set,equalized_odds,0.5,0,False,DisparateImpactRemover,21.597,5.7306,4.7636,5
adult_data_set,equalized_odds,0.5,0,False,Fair-SMOTE,28.9814,1.1948,8.9446,5
adult_data_set,equalized_odds,0.5,0,False,LTDD,22.3904,4.4854,5.1214,5
adult_data_set,equalized_odds,0.5,0,False,PrejudiceRemover,20.0217,30.0713,23.9085,5
adult_data_set,equalized_odds,0.5,0,False,GerryFairClassifier,54.6353,1.5945,1.0327,5
adult_data_set,equalized_odds,0.5,0,False,AdversarialDebiasing,20.5255,6.3267,7.846,5
adult_data_set,equalized_odds,0.5,0,False,ExponentiatedGradientReduction,21.6188,1.7273,4.2258,5
adult_data_set,equalized_odds,0.5,0,False,GridSearchReduction,22.0865,4.4949,4.3415,5
adult_data_set,equalized_odds,0.5,0,False,MetaFairClassifier,30.9478,10.2568,18.3229,5
adult_data_set,equalized_odds,0.5,0,False,FAGTB,22.9002,3.6159,11.1131,5
adult_data_set,equalized_odds,0.5,0,False,GradualCompatibility,22.8335,2.0805,4.6663,5
adult_data_set,equalized_odds,0.5,0,False,EqOddsPostprocessing,24.4335,0.7762,2.2945,5
adult_data_set,equalized_odds,0.5,0,False,CalibratedEqOddsPostprocessing,19.8725,31.6054,24.8053,5
adult_data_set,equalized_odds,0.5,0,False,JiangNachum,21.7679,3.2307,5.6722,5
adult_data_set,equalized_odds,0.5,0,False,FaX,21.7751,3.7593,4.2134,5
acs2017_census,equalized_odds,0.5,0,False,Reweighing,10.3025,1.9078,6.0923,5
acs2017_census,equalized_odds,0.5,0,False,LFR,40.5455,0.0,0.0,5
acs2017_census,equalized_odds,0.5,0,False,DisparateImpactRemover,10.6601,4.1806,10.1403,5
acs2017_census,equalized_odds,0.5,0,False,Fair-SMOTE,10.8672,1.6476,7.02,5
acs2017_census,equalized_odds,0.5,0,False,LTDD,13.4809,16.7274,28.6483,5
acs2017_census,equalized_odds,0.5,0,False,PrejudiceRemover,9.9761,5.8369,8.7834,5
acs2017_census,equalized_odds,0.5,0,False,GerryFairClassifier,11.0717,3.5367,7.2998,5
acs2017_census,equalized_odds,0.5,0,False,AdversarialDebiasing,9.6177,1.1929,6.1335,5
acs2017_census,equalized_odds,0.5,0,False,ExponentiatedGradientReduction,10.0944,1.5303,4.0107,5
acs2017_census,equalized_odds,0.5,0,False,GridSearchReduction,10.0477,2.2184,4.2448,5
acs2017_census,equalized_odds,0.5,0,False,MetaFairClassifier,23.6092,9.6849,9.0534,5
acs2017_census,equalized_odds,0.5,0,False,FAGTB,59.4545,0.0,0.0,5
acs2017_census,equalized_odds,0.5,0,False,GradualCompatibility,10.5876,2.306,3.1637,5
acs2017_census,equalized_odds,0.5,0,False,EqOddsPostprocessing,12.6494,0.8532,7.7805,5
acs2017_census,equalized_odds,0.5,0,False,CalibratedEqOddsPostprocessing,11.0927,11.0001,12.4124,5
acs2017_census,equalized_odds,0.5,0,False,JiangNachum,10.5996,0.6764,4.5206,5
acs2017_census,equalized_odds,0.5,0,False,FaX,10.056,1.5948,4.06,5
communities,demographic_parity,0.5,0,True,Reweighing,18.0635,25.0803,7.7868,5
communities,demographic_parity,0.5,0,True,LFR,33.9233,10.9102,6.1984,5
communities,demographic_parity,0.5,0,True,DisparateImpactRemover,20.3672,19.0013,7.622,5
communities,demographic_parity,0.5,0,True,Fair-SMOTE,18.6646,27.0591,7.9232,5
communities,demographic_parity,0.5,0,True,LTDD,22.237,8.2711,13.0423,5
communities,demographic_parity,0.5,0,True,PrejudiceRemover,24.3071,9.2936,8.7015,5
communities,demographic_parity,0.5,0,True,FairnessConstraintModel,26.0767,8.8495,10.3935,5
communities,demographic_parity,0.5,0,True,DisparateMistreatmentModel,17.5959,33.5268,15.2604,5
communities,demographic_parity,0.5,0,True,GerryFairClassifier,46.4107,10.1984,6.33,5
communities,demographic_parity,0.5,0,True,AdversarialDebiasing,35.2588,14.6057,23.514,5
communities,demographic_parity,0.5,0,True,ExponentiatedGradientReduction,25.4758,1.6737,18.7439,5
communities,demographic_parity,0.5,0,True,GridSearchReduction,22.237,14.341,4.9092,5
communities,demographic_parity,0.5,0,True,MetaFairClassifier,41.1687,26.4678,19.7301,5
communities,demographic_parity,0.5,0,True,FAGTB,27.0784,11.5604,12.2994,5
communities,demographic_parity,0.5,0,True,FairGeneralizedLinearModel,39.4657,0.0,0.0,5
communities,demographic_parity,0.5,0,True,GradualCompatibility,38.3305,1.0638,0.6117,5
communities,demographic_parity,0.5,0,True,RejectOptionClassification,49.4491,6.3412,4.6655,5
communities,demographic_parity,0.5,0,True,EqOddsPostprocessing,28.1134,14.0284,12.4078,5
communities,demographic_parity,0.5,0,True,CalibratedEqOddsPostprocessing,17.7963,61.1544,44.8843,5
communities,demographic_parity,0.5,0,True,JiangNachum,28.6143,2.6136,6.8153,5
communities,demographic_parity,0.5,0,True,FaX,16.1937,37.7318,17.0429,5
compas,demographic_parity,0.5,0,True,AdversarialDebiasing,32.34341253,3.417146743,15.25850784,5
compas,demographic_parity,0.5,0,True,CalibratedEqOddsPostprocessing,33.85529158,30.89622613,20.71321737,5
compas,demographic_parity,0.5,0,True,DisparateImpactRemover,32.50539957,25.25548503,13.22288905,5
compas,demographic_parity,0.5,0,True,DisparateMistreatmentModel,32.72138229,22.3027226,8.121720118,5
compas,demographic_parity,0.5,0,True,EqOddsPostprocessing,37.85097192,6.113350036,6.495778278,5
compas,demographic_parity,0.5,0,True,ExponentiatedGradientReduction,32.45140389,6.369909173,4.794055035,5
compas,demographic_parity,0.5,0,True,FAGTB,34.0712743,1.362464048,13.37352059,5
compas,demographic_parity,0.5,0,True,FaX,32.45140389,27.01003036,14.89880897,5
compas,demographic_parity,0.5,0,True,Fair-SMOTE,33.20734341,12.8985413,2.264715917,5
compas,demographic_parity,0.5,0,True,FairGeneralizedLinearModel,45.24838013,0.0,0.0,5
compas,demographic_parity,0.5,0,True,FairnessConstraintModel,40.6587473,7.223796903,2.931384366,5
compas,demographic_parity,0.5,0,True,GerryFairClassifier,54.75161987,0.0,0.0,5
compas,demographic_parity,0.5,0,True,GradualCompatibility,44.92440605,7.49864662,15.13688928,5
compas,demographic_parity,0.5,0,True,GridSearchReduction,43.412527,1.700655637,6.634988982,5
compas,demographic_parity,0.5,0,True,JiangNachum,34.66522678,2.561663191,9.734535052,5
compas,demographic_parity,0.5,0,True,LFR,32.01943844,5.941983264,10.63530004,5
compas,demographic_parity,0.5,0,True,LTDD,32.66738661,7.407684744,3.641070129,5
compas,demographic_parity,0.5,0,True,MetaFairClassifier,32.34341253,19.22413571,8.357916333,5
compas,demographic_parity,0.5,0,True,PrejudiceRemover,45.30237581,7.018058572,8.753255515,5
compas,demographic_parity,0.5,0,True,RejectOptionClassification,43.46652268,4.145578283,1.355609149,5
compas,demographic_parity,0.5,0,True,Reweighing,31.74946004,14.84581287,4.176338652,5
german,demographic_parity,0.5,0,True,Reweighing,22.1333,5.9057,6.8804,5
german,demographic_parity,0.5,0,True,LFR,20.7333,0.0689,1.9021,5
german,demographic_parity,0.5,0,True,DisparateImpactRemover,22.0,3.255,5.1691,5
german,demographic_parity,0.5,0,True,Fair-SMOTE,30.1999,8.7254,9.8752,5
german,demographic_parity,0.5,0,True,LTDD,22.4,7.0384,7.683,5
german,demographic_parity,0.5,0,True,PrejudiceRemover,21.6001,4.6385,5.8029,5
german,demographic_parity,0.5,0,True,FairnessConstraintModel,21.8001,3.1573,4.4035,5
german,demographic_parity,0.5,0,True,DisparateMistreatmentModel,21.8,1.3372,4.2802,5
german,demographic_parity,0.5,0,True,GerryFairClassifier,22.5333,2.3763,3.4396,5
german,demographic_parity,0.5,0,True,AdversarialDebiasing,20.9334,1.7564,4.6475,5
german,demographic_parity,0.5,0,True,ExponentiatedGradientReduction,21.4666,1.2928,5.2884,5
german,demographic_parity,0.5,0,True,GridSearchReduction,21.6,2.7472,5.1518,5
german,demographic_parity,0.5,0,True,MetaFairClassifier,22.0667,2.5383,5.5531,5
german,demographic_parity,0.5,0,True,FAGTB,22.1333,0.0,0.0,5
german,demographic_parity,0.5,0,True,FairGeneralizedLinearModel,21.4667,0.1244,0.9517,5
german,demographic_parity,0.5,0,True,GradualCompatibility,20.6667,0.229,2.9959,5
german,demographic_parity,0.5,0,True,RejectOptionClassification,30.9999,8.7455,12.4331,5
german,demographic_parity,0.5,0,True,EqOddsPostprocessing,35.8,2.3047,5.2137,5
german,demographic_parity,0.5,0,True,CalibratedEqOddsPostprocessing,22.4001,8.6441,10.4599,5
german,demographic_parity,0.5,0,True,JiangNachum,21.7999,1.2307,4.5591,5
german,demographic_parity,0.5,0,True,FaX,22.2001,5.6115,6.6096,5
credit_card_clients,demographic_parity,0.5,0,True,Reweighing,19.1088,0.6134,1.4358,5
credit_card_clients,demographic_parity,0.5,0,True,LFR,19.2088,1.5477,0.8112,5
credit_card_clients,demographic_parity,0.5,0,True,DisparateImpactRemover,19.0666,1.5217,1.2244,5
credit_card_clients,demographic_parity,0.5,0,True,Fair-SMOTE,22.0088,5.7274,8.4974,5
credit_card_clients,demographic_parity,0.5,0,True,LTDD,19.1178,0.5145,1.5922,5
credit_card_clients,demographic_parity,0.5,0,True,PrejudiceRemover,19.1778,1.7479,1.9599,5
credit_card_clients,demographic_parity,0.5,0,True,FairnessConstraintModel,19.06,1.505,1.212,5
credit_card_clients,demographic_parity,0.5,0,True,GerryFairClassifier,20.2622,1.7601,1.0598,5
credit_card_clients,demographic_parity,0.5,0,True,AdversarialDebiasing,18.429,1.1217,3.8003,5
credit_card_clients,demographic_parity,0.5,0,True,ExponentiatedGradientReduction,19.0733,1.3154,1.2304,5
credit_card_clients,demographic_parity,0.5,0,True,GridSearchReduction,19.0867,1.3529,1.1719,5
credit_card_clients,demographic_parity,0.5,0,True,MetaFairClassifier,36.3956,12.5557,13.2697,5
credit_card_clients,demographic_parity,0.5,0,True,FAGTB,18.54,1.3157,2.2864,5
credit_card_clients,demographic_parity,0.5,0,True,FairGeneralizedLinearModel,19.2467,1.2727,1.1172,5
credit_card_clients,demographic_parity,0.5,0,True,GradualCompatibility,39.7289,5.0983,3.7845,5
credit_card_clients,demographic_parity,0.5,0,True,RejectOptionClassification,19.6044,4.4204,3.0926,5
credit_card_clients,demographic_parity,0.5,0,True,EqOddsPostprocessing,19.6533,1.1443,1.9161,5
credit_card_clients,demographic_parity,0.5,0,True,CalibratedEqOddsPostprocessing,20.109,6.9643,6.0073,5
credit_card_clients,demographic_parity,0.5,0,True,JiangNachum,18.8355,0.948,1.6728,5
credit_card_clients,demographic_parity,0.5,0,True,FaX,19.0445,1.4878,1.2092,5
adult_data_set,demographic_parity,0.5,0,True,Reweighing,21.6782,5.3461,4.3517,5
adult_data_set,demographic_parity,0.5,0,True,LFR,24.781,0.0385,0.1388,5
adult_data_set,demographic_parity,0.5,0,True,DisparateImpactRemover,21.5999,8.8935,6.5428,5
adult_data_set,demographic_parity,0.5,0,True,Fair-SMOTE,29.0741,8.7277,8.3228,5
adult_data_set,demographic_parity,0.5,0,True,LTDD,22.3904,1.6832,3.8018,5
adult_data_set,demographic_parity,0.5,0,True,PrejudiceRemover,20.0217,23.8052,23.2693,5
adult_data_set,demographic_parity,0.5,0,True,GerryFairClassifier,21.9256,11.628,11.0703,5
adult_data_set,demographic_parity,0.5,0,True,AdversarialDebiasing,21.5999,2.9794,4.3734,5
adult_data_set,demographic_parity,0.5,0,True,ExponentiatedGradientReduction,22.4977,1.2579,3.446,5
adult_data_set,demographic_parity,0.5,0,True,GridSearchReduction,22.499,2.8367,3.8892,5
adult_data_set,demographic_parity,0.5,0,True,MetaFairClassifier,29.8588,5.4357,12.1815,5
adult_data_set,demographic_parity,0.5,0,True,FAGTB,23.239,1.0894,6.217,5
adult_data_set,demographic_parity,0.5,0,True,GradualCompatibility,24.8723,0.0,0.0,5
adult_data_set,demographic_parity,0.5,0,True,EqOddsPostprocessing,24.5117,0.9848,1.9459,5
adult_data_set,demographic_parity,0.5,0,True,CalibratedEqOddsPostprocessing,19.8509,23.6368,23.2311,5
adult_data_set,demographic_parity,0.5,0,True,JiangNachum,23.252,0.5758,4.0899,5
adult_data_set,demographic_parity,0.5,0,True,FaX,21.7751,6.7817,5.5797,5
acs2017_census,demographic_parity,0.5,0,True,Reweighing,10.3025,15.0005,2.0016,5
acs2017_census,demographic_parity,0.5,0,True,LFR,20.4125,2.8583,10.72,5
acs2017_census,demographic_parity,0.5,0,True,DisparateImpactRemover,10.6601,12.7569,4.1734,5
acs2017_census,demographic_parity,0.5,0,True,Fair-SMOTE,10.869,15.3684,2.4573,5
acs2017_census,demographic_parity,0.5,0,True,LTDD,13.4809,0.628,16.678,5
acs2017_census,demographic_parity,0.5,0,True,PrejudiceRemover,12.4881,14.6409,2.4767,5
acs2017_census,demographic_parity,0.5,0,True,GerryFairClassifier,11.0717,19.5668,5.6664,5
acs2017_census,demographic_parity,0.5,0,True,AdversarialDebiasing,10.1302,13.9684,2.577,5
acs2017_census,demographic_parity,0.5,0,True,ExponentiatedGradientReduction,12.9859,1.6637,15.1232,5
acs2017_census,demographic_parity,0.5,0,True,GridSearchReduction,13.6083,4.8358,17.0685,5
acs2017_census,demographic_parity,0.5,0,True,MetaFairClassifier,15.6153,9.0365,9.0411,5
acs2017_census,demographic_parity,0.5,0,True,FAGTB,18.3049,3.6092,15.6593,5
acs2017_census,demographic_parity,0.5,0,True,GradualCompatibility,10.8241,17.9505,3.0257,5
acs2017_census,demographic_parity,0.5,0,True,EqOddsPostprocessing,12.5898,15.7966,6.4701,5
acs2017_census,demographic_parity,0.5,0,True,CalibratedEqOddsPostprocessing,11.101,25.4243,10.9761,5
acs2017_census,demographic_parity,0.5,0,True,JiangNachum,15.2916,0.496,18.2516,5
acs2017_census,demographic_parity,0.5,0,True,FaX,10.056,18.3428,2.9935,5
communities,treatment_equality,0.5,0,True,Reweighing,18.0635,39.9987,40.7743,5
communities,treatment_equality,0.5,0,True,LFR,21.97,3.9458,6.802,5
communities,treatment_equality,0.5,0,True,DisparateImpactRemover,15.8931,3.9659,15.7139,5
communities,treatment_equality,0.5,0,True,Fair-SMOTE,18.5977,32.7018,34.9238,5
communities,treatment_equality,0.5,0,True,LTDD,22.237,68.6757,65.14,5
communities,treatment_equality,0.5,0,True,PrejudiceRemover,16.4942,11.7277,23.2477,5
communities,treatment_equality,0.5,0,True,FairnessConstraintModel,22.6712,47.8749,49.6713,5
communities,treatment_equality,0.5,0,True,DisparateMistreatmentModel,15.6928,7.5543,19.9381,5
communities,treatment_equality,0.5,0,True,GerryFairClassifier,34.2905,3.8496,5.8004,5
communities,treatment_equality,0.5,0,True,AdversarialDebiasing,16.0601,12.7489,18.611,5
communities,treatment_equality,0.5,0,True,ExponentiatedGradientReduction,26.9783,55.1377,49.8454,5
communities,treatment_equality,0.5,0,True,GridSearchReduction,16.3272,7.7387,18.6481,5
communities,treatment_equality,0.5,0,True,MetaFairClassifier,18.5644,5.0114,14.2798,5
communities,treatment_equality,0.5,0,True,FAGTB,18.5643,0.5966,16.2435,5
communities,treatment_equality,0.5,0,True,FairGeneralizedLinearModel,17.4625,3.5299,15.6107,5
communities,treatment_equality,0.5,0,True,GradualCompatibility,16.2271,1.2565,12.8639,5
communities,treatment_equality,0.5,0,True,RejectOptionClassification,47.813,0.339,0.0967,5
communities,treatment_equality,0.5,0,True,EqOddsPostprocessing,27.7129,39.3449,39.6538,5
communities,treatment_equality,0.5,0,True,CalibratedEqOddsPostprocessing,17.8297,55.1552,54.0156,5
communities,treatment_equality,0.5,0,True,JiangNachum,14.8582,36.3985,35.7115,5
communities,treatment_equality,0.5,0,True,FaX,16.1937,11.2313,16.7852,5
compas,treatment_equality,0.5,0,True,Reweighing,32.4515,4.9617,11.1951,5
compas,treatment_equality,0.5,0,True,LFR,31.8467,0.1135,8.0717,5
compas,treatment_equality,0.5,0,True,DisparateImpactRemover,32.6135,16.7529,13.6153,5
compas,treatment_equality,0.5,0,True,Fair-SMOTE,33.3802,4.4044,12.5924,5
compas,treatment_equality,0.5,0,True,LTDD,32.8079,9.4953,16.2457,5
compas,treatment_equality,0.5,0,True,PrejudiceRemover,42.6675,7.1947,9.5933,5
compas,treatment_equality,0.5,0,True,FairnessConstraintModel,40.1835,6.3281,6.9782,5
compas,treatment_equality,0.5,0,True,DisparateMistreatmentModel,35.3133,10.089,5.8085,5
compas,treatment_equality,0.5,0,True,GerryFairClassifier,45.6371,6.399,4.9107,5
compas,treatment_equality,0.5,0,True,AdversarialDebiasing,32.2571,5.4423,12.7335,5
compas,treatment_equality,0.5,0,True,ExponentiatedGradientReduction,32.6783,10.8648,17.776,5
compas,treatment_equality,0.5,0,True,GridSearchReduction,35.0648,13.7188,10.2722,5
compas,treatment_equality,0.5,0,True,MetaFairClassifier,33.7366,19.2677,15.7659,5
compas,treatment_equality,0.5,0,True,FAGTB,33.2506,1.4994,12.3524,5
compas,treatment_equality,0.5,0,True,FairGeneralizedLinearModel,44.3953,0.9453,0.4695,5
compas,treatment_equality,0.5,0,True,GradualCompatibility,37.0625,3.8859,7.8025,5
compas,treatment_equality,0.5,0,True,RejectOptionClassification,44.568,2.3377,1.5117,5
compas,treatment_equality,0.5,0,True,EqOddsPostprocessing,36.6522,7.1526,13.1479,5
compas,treatment_equality,0.5,0,True,CalibratedEqOddsPostprocessing,32.6891,24.2703,20.2882,5
compas,treatment_equality,0.5,0,True,JiangNachum,32.4839,21.5618,16.3581,5
compas,treatment_equality,0.5,0,True,FaX,32.4083,21.1731,15.5512,5
german,treatment_equality,0.5,0,True,Reweighing,22.1333,15.3078,19.0941,5
german,treatment_equality,0.5,0,True,LFR,20.8666,0.2222,1.2644,5
german,treatment_equality,0.5,0,True,DisparateImpactRemover,22.0,11.1305,18.0847,5
german,treatment_equality,0.5,0,True,Fair-SMOTE,30.2,19.8196,22.3114,5
german,treatment_equality,0.5,0,True,LTDD,22.4,18.6866,21.8592,5
german,treatment_equality,0.5,0,True,PrejudiceRemover,21.6001,11.9387,16.8483,5
german,treatment_equality,0.5,0,True,FairnessConstraintModel,21.8001,11.8652,16.9611,5
german,treatment_equality,0.5,0,True,DisparateMistreatmentModel,21.9334,9.1729,15.7994,5
german,treatment_equality,0.5,0,True,GerryFairClassifier,22.5333,6.2223,10.8781,5
german,treatment_equality,0.5,0,True,AdversarialDebiasing,21.8001,2.8466,12.9379,5
german,treatment_equality,0.5,0,True,ExponentiatedGradientReduction,21.4666,5.9149,12.0405,5
german,treatment_equality,0.5,0,True,GridSearchReduction,21.8667,10.9098,18.2445,5
german,treatment_equality,0.5,0,True,MetaFairClassifier,21.8,4.0958,8.7714,5
german,treatment_equality,0.5,0,True,FAGTB,21.8667,0.111,2.0634,5
german,treatment_equality,0.5,0,True,FairGeneralizedLinearModel,22.1333,0.0,0.0,5
german,treatment_equality,0.5,0,True,GradualCompatibility,21.6001,0.0202,1.0116,5
german,treatment_equality,0.5,0,True,RejectOptionClassification,35.7332,8.3506,23.2074,5
german,treatment_equality,0.5,0,True,EqOddsPostprocessing,25.2001,9.3753,18.2507,5
german,treatment_equality,0.5,0,True,CalibratedEqOddsPostprocessing,21.8,18.0217,20.1043,5
german,treatment_equality,0.5,0,True,JiangNachum,21.6,12.0743,18.52,5
german,treatment_equality,0.5,0,True,FaX,22.2001,15.4721,18.9587,5
credit_card_clients,treatment_equality,0.5,0,True,Reweighing,19.1088,0.8894,2.5667,5
credit_card_clients,treatment_equality,0.5,0,True,LFR,19.0889,0.2001,2.1144,5
credit_card_clients,treatment_equality,0.5,0,True,DisparateImpactRemover,19.0223,0.64,2.7264,5
credit_card_clients,treatment_equality,0.5,0,True,Fair-SMOTE,22.0579,20.8833,20.6515,5
credit_card_clients,treatment_equality,0.5,0,True,LTDD,19.1178,1.6552,2.8827,5
credit_card_clients,treatment_equality,0.5,0,True,PrejudiceRemover,19.3112,0.3822,2.6423,5
credit_card_clients,treatment_equality,0.5,0,True,FairnessConstraintModel,19.2556,0.5974,1.9834,5
credit_card_clients,treatment_equality,0.5,0,True,DisparateMistreatmentModel,19.1933,0.4288,1.9211,5
credit_card_clients,treatment_equality,0.5,0,True,GerryFairClassifier,20.2622,2.3104,1.2318,5
credit_card_clients,treatment_equality,0.5,0,True,AdversarialDebiasing,18.3355,1.4473,5.1947,5
credit_card_clients,treatment_equality,0.5,0,True,ExponentiatedGradientReduction,19.0622,0.871,2.0629,5
credit_card_clients,treatment_equality,0.5,0,True,GridSearchReduction,19.2867,0.2479,1.7957,5
credit_card_clients,treatment_equality,0.5,0,True,MetaFairClassifier,18.7667,2.0888,4.2073,5
credit_card_clients,treatment_equality,0.5,0,True,FAGTB,18.4911,0.2905,5.8952,5
credit_card_clients,treatment_equality,0.5,0,True,GradualCompatibility,39.2177,0.389,4.4955,5
credit_card_clients,treatment_equality,0.5,0,True,RejectOptionClassification,20.0022,5.3808,6.8982,5
credit_card_clients,treatment_equality,0.5,0,True,EqOddsPostprocessing,19.76,1.9898,4.3384,5
credit_card_clients,treatment_equality,0.5,0,True,CalibratedEqOddsPostprocessing,20.0645,11.3521,7.5692,5
credit_card_clients,treatment_equality,0.5,0,True,JiangNachum,19.1088,4.1469,2.9942,5
credit_card_clients,treatment_equality,0.5,0,True,FaX,19.0445,1.4403,2.0156,5
adult_data_set,treatment_equality,0.5,0,True,Reweighing,21.6782,31.081,12.6603,5
adult_data_set,treatment_equality,0.5,0,True,LFR,24.2351,0.6458,0.4724,5
adult_data_set,treatment_equality,0.5,0,True,DisparateImpactRemover,21.597,19.4853,11.9608,5
adult_data_set,treatment_equality,0.5,0,True,Fair-SMOTE,28.9886,17.283,13.8329,5
adult_data_set,treatment_equality,0.5,0,True,LTDD,22.3904,38.2633,19.2222,5
adult_data_set,treatment_equality,0.5,0,True,PrejudiceRemover,20.0217,33.1665,26.7635,5
adult_data_set,treatment_equality,0.5,0,True,GerryFairClassifier,21.9256,14.2275,11.4574,5
adult_data_set,treatment_equality,0.5,0,True,AdversarialDebiasing,20.6211,19.0546,8.4297,5
adult_data_set,treatment_equality,0.5,0,True,ExponentiatedGradientReduction,22.5527,36.1736,18.2328,5
adult_data_set,treatment_equality,0.5,0,True,GridSearchReduction,21.4001,28.5829,11.1666,5
adult_data_set,treatment_equality,0.5,0,True,MetaFairClassifier,25.6715,6.1801,12.2798,5
adult_data_set,treatment_equality,0.5,0,True,FAGTB,22.7974,12.7269,9.0204,5
adult_data_set,treatment_equality,0.5,0,True,GradualCompatibility,24.587,6.0424,1.3097,5
adult_data_set,treatment_equality,0.5,0,True,EqOddsPostprocessing,24.4973,6.2012,7.4391,5
adult_data_set,treatment_equality,0.5,0,True,CalibratedEqOddsPostprocessing,19.9639,35.0148,27.8456,5
adult_data_set,treatment_equality,0.5,0,True,JiangNachum,19.9233,30.1428,24.7095,5
adult_data_set,treatment_equality,0.5,0,True,FaX,21.7751,21.8788,10.1427,5
acs2017_census,treatment_equality,0.5,0,True,Reweighing,10.3025,30.8724,15.839,5
acs2017_census,treatment_equality,0.5,0,True,LFR,19.2327,11.6632,12.8992,5
acs2017_census,treatment_equality,0.5,0,True,DisparateImpactRemover,10.1522,21.7862,12.3934,5
acs2017_census,treatment_equality,0.5,0,True,Fair-SMOTE,10.8508,27.4151,15.0603,5
acs2017_census,treatment_equality,0.5,0,True,LTDD,13.4809,78.7652,55.1394,5
acs2017_census,treatment_equality,0.5,0,True,PrejudiceRemover,10.1999,5.9427,6.2221,5
acs2017_census,treatment_equality,0.5,0,True,GerryFairClassifier,12.1801,5.2288,6.7848,5
acs2017_census,treatment_equality,0.5,0,True,AdversarialDebiasing,9.6278,9.944,11.6558,5
acs2017_census,treatment_equality,0.5,0,True,ExponentiatedGradientReduction,14.0154,69.3,45.5825,5
acs2017_census,treatment_equality,0.5,0,True,GridSearchReduction,10.3081,23.0785,10.0286,5
acs2017_census,treatment_equality,0.5,0,True,MetaFairClassifier,26.3101,0.8472,3.3587,5
acs2017_census,treatment_equality,0.5,0,True,FAGTB,10.9103,20.7573,19.8156,5
acs2017_census,treatment_equality,0.5,0,True,GradualCompatibility,10.7407,12.655,6.6228,5
acs2017_census,treatment_equality,0.5,0,True,EqOddsPostprocessing,12.721,22.4173,40.9197,5
acs2017_census,treatment_equality,0.5,0,True,CalibratedEqOddsPostprocessing,11.1331,19.4035,26.7937,5
acs2017_census,treatment_equality,0.5,0,True,JiangNachum,10.0339,3.6609,8.5617,5
acs2017_census,treatment_equality,0.5,0,True,FaX,10.056,14.6909,7.5315,5
communities,equalized_odds,0.5,0,True,Reweighing,18.0635,4.6466,17.0609,5
communities,equalized_odds,0.5,0,True,LFR,28.2137,3.4563,9.4166,5
communities,equalized_odds,0.5,0,True,DisparateImpactRemover,15.793,19.7878,20.9602,5
communities,equalized_odds,0.5,0,True,Fair-SMOTE,18.631,4.5188,16.4007,5
communities,equalized_odds,0.5,0,True,LTDD,22.237,16.0123,31.2877,5
communities,equalized_odds,0.5,0,True,PrejudiceRemover,21.1353,2.8159,12.7574,5
communities,equalized_odds,0.5,0,True,FairnessConstraintModel,22.6712,6.6102,19.4954,5
communities,equalized_odds,0.5,0,True,DisparateMistreatmentModel,17.3956,10.6491,15.7768,5
communities,equalized_odds,0.5,0,True,GerryFairClassifier,15.9266,25.4076,29.0509,5
communities,equalized_odds,0.5,0,True,AdversarialDebiasing,16.3939,15.9863,19.2429,5
communities,equalized_odds,0.5,0,True,ExponentiatedGradientReduction,17.0618,3.858,14.0624,5
communities,equalized_odds,0.5,0,True,GridSearchReduction,16.561,15.2088,19.4189,5
communities,equalized_odds,0.5,0,True,MetaFairClassifier,21.9699,13.7638,14.7191,5
communities,equalized_odds,0.5,0,True,FAGTB,21.3356,2.089,14.5278,5
communities,equalized_odds,0.5,0,True,FairGeneralizedLinearModel,15.3924,14.7031,19.6736,5
communities,equalized_odds,0.5,0,True,GradualCompatibility,19.1653,10.4436,13.4108,5
communities,equalized_odds,0.5,0,True,RejectOptionClassification,43.6393,5.1622,2.9427,5
communities,equalized_odds,0.5,0,True,EqOddsPostprocessing,27.1453,4.3903,17.967,5
communities,equalized_odds,0.5,0,True,CalibratedEqOddsPostprocessing,17.863,47.8025,48.1034,5
communities,equalized_odds,0.5,0,True,JiangNachum,20.1668,3.4313,8.0387,5
communities,equalized_odds,0.5,0,True,FaX,16.1937,14.727,17.5238,5
compas,equalized_odds,0.5,0,True,Reweighing,32.4515,6.2165,5.6935,5
compas,equalized_odds,0.5,0,True,LFR,32.6459,2.8525,9.8239,5
compas,equalized_odds,0.5,0,True,DisparateImpactRemover,32.3867,21.5833,13.8217,5
compas,equalized_odds,0.5,0,True,Fair-SMOTE,33.4882,5.4411,6.3474,5
compas,equalized_odds,0.5,0,True,LTDD,32.8079,2.8803,6.9123,5
compas,equalized_odds,0.5,0,True,PrejudiceRemover,42.6675,7.9946,8.0431,5
compas,equalized_odds,0.5,0,True,FairnessConstraintModel,42.6673,5.6444,5.0877,5
compas,equalized_odds,0.5,0,True,DisparateMistreatmentModel,36.6739,14.958,6.7241,5
compas,equalized_odds,0.5,0,True,GerryFairClassifier,45.6371,7.6773,5.104,5
compas,equalized_odds,0.5,0,True,AdversarialDebiasing,32.3219,2.5792,13.8789,5
compas,equalized_odds,0.5,0,True,ExponentiatedGradientReduction,32.6243,2.018,7.9971,5
compas,equalized_odds,0.5,0,True,GridSearchReduction,36.2096,9.0636,12.676,5
compas,equalized_odds,0.5,0,True,MetaFairClassifier,33.1102,19.085,12.5422,5
compas,equalized_odds,0.5,0,True,FAGTB,33.6286,2.3684,10.9679,5
compas,equalized_odds,0.5,0,True,FairGeneralizedLinearModel,45.7777,0.0,0.0,5
compas,equalized_odds,0.5,0,True,GradualCompatibility,35.3348,12.3322,6.9121,5
compas,equalized_odds,0.5,0,True,RejectOptionClassification,43.5745,4.4299,1.9221,5
compas,equalized_odds,0.5,0,True,EqOddsPostprocessing,36.7062,2.767,7.8922,5
compas,equalized_odds,0.5,0,True,CalibratedEqOddsPostprocessing,33.3263,21.8995,15.5793,5
compas,equalized_odds,0.5,0,True,JiangNachum,34.4384,1.1298,10.1217,5
compas,equalized_odds,0.5,0,True,FaX,32.4083,21.5484,13.8409,5
german,equalized_odds,0.5,0,True,Reweighing,22.1333,9.3156,10.9045,5
german,equalized_odds,0.5,0,True,LFR,21.8,0.1143,0.6786,5
german,equalized_odds,0.5,0,True,DisparateImpactRemover,21.9334,5.5589,9.907,5
german,equalized_odds,0.5,0,True,Fair-SMOTE,29.8667,11.5492,17.0068,5
german,equalized_odds,0.5,0,True,LTDD,22.4,10.3792,12.5785,5
german,equalized_odds,0.5,0,True,PrejudiceRemover,21.5334,8.0553,10.8098,5
german,equalized_odds,0.5,0,True,FairnessConstraintModel,21.8001,5.0367,8.9611,5
german,equalized_odds,0.5,0,True,DisparateMistreatmentModel,22.1333,4.6732,9.8944,5
german,equalized_odds,0.5,0,True,GerryFairClassifier,22.5333,4.6652,5.7626,5
german,equalized_odds,0.5,0,True,AdversarialDebiasing,21.6667,4.7971,8.1925,5
german,equalized_odds,0.5,0,True,ExponentiatedGradientReduction,21.8,3.0574,9.9416,5
german,equalized_odds,0.5,0,True,GridSearchReduction,21.6,4.6735,9.1376,5
german,equalized_odds,0.5,0,True,MetaFairClassifier,21.2667,3.0679,4.0447,5
german,equalized_odds,0.5,0,True,FAGTB,22.1333,0.0,0.0,5
german,equalized_odds,0.5,0,True,FairGeneralizedLinearModel,22.1333,0.0,0.0,5
german,equalized_odds,0.5,0,True,GradualCompatibility,21.2668,0.5037,2.8952,5
german,equalized_odds,0.5,0,True,RejectOptionClassification,40.0001,8.4633,15.9851,5
german,equalized_odds,0.5,0,True,EqOddsPostprocessing,23.0667,5.4494,9.8563,5
german,equalized_odds,0.5,0,True,CalibratedEqOddsPostprocessing,23.3333,10.8213,9.5665,5
german,equalized_odds,0.5,0,True,JiangNachum,21.7333,3.2927,8.5959,5
german,equalized_odds,0.5,0,True,FaX,22.2001,8.7011,11.0954,5
credit_card_clients,equalized_odds,0.5,0,True,Reweighing,19.1088,1.7924,2.3507,5
credit_card_clients,equalized_odds,0.5,0,True,LFR,19.0511,0.9693,1.5666,5
credit_card_clients,equalized_odds,0.5,0,True,DisparateImpactRemover,19.06,1.1501,2.1203,5
credit_card_clients,equalized_odds,0.5,0,True,Fair-SMOTE,21.9955,7.9359,11.2874,5
credit_card_clients,equalized_odds,0.5,0,True,LTDD,19.1178,2.133,2.6571,5
credit_card_clients,equalized_odds,0.5,0,True,PrejudiceRemover,19.109,1.8989,3.1258,5
credit_card_clients,equalized_odds,0.5,0,True,FairnessConstraintModel,19.06,1.1431,2.1187,5
credit_card_clients,equalized_odds,0.5,0,True,GerryFairClassifier,20.2622,1.8101,1.2063,5
credit_card_clients,equalized_odds,0.5,0,True,AdversarialDebiasing,18.3044,1.861,3.7723,5
credit_card_clients,equalized_odds,0.5,0,True,ExponentiatedGradientReduction,19.0978,1.4447,2.039,5
credit_card_clients,equalized_odds,0.5,0,True,GridSearchReduction,19.06,1.1501,2.1203,5
credit_card_clients,equalized_odds,0.5,0,True,MetaFairClassifier,18.7511,1.9545,2.5799,5
credit_card_clients,equalized_odds,0.5,0,True,FAGTB,18.2289,2.1759,4.1744,5
credit_card_clients,equalized_odds,0.5,0,True,GradualCompatibility,39.8689,3.8966,5.3058,5
credit_card_clients,equalized_odds,0.5,0,True,RejectOptionClassification,21.0222,3.9655,5.5896,5
credit_card_clients,equalized_odds,0.5,0,True,EqOddsPostprocessing,19.7089,1.3755,2.6987,5
credit_card_clients,equalized_odds,0.5,0,True,CalibratedEqOddsPostprocessing,20.1955,10.3782,6.5879,5
credit_card_clients,equalized_odds,0.5,0,True,JiangNachum,18.9955,1.7573,2.3613,5
credit_card_clients,equalized_odds,0.5,0,True,FaX,19.0445,1.126,2.0466,5
adult_data_set,equalized_odds,0.5,0,True,Reweighing,21.6782,1.4733,4.3426,5
adult_data_set,equalized_odds,0.5,0,True,LFR,24.7376,0.1127,0.0637,5
adult_data_set,equalized_odds,0.5,0,True,DisparateImpactRemover,21.5985,5.7273,4.7622,5
adult_data_set,equalized_odds,0.5,0,True,Fair-SMOTE,29.048,1.2684,8.7759,5
adult_data_set,equalized_odds,0.5,0,True,LTDD,22.3904,4.4854,5.1214,5
adult_data_set,equalized_odds,0.5,0,True,PrejudiceRemover,20.0217,30.0713,23.9085,5
adult_data_set,equalized_odds,0.5,0,True,GerryFairClassifier,21.9256,14.5645,11.1394,5
adult_data_set,equalized_odds,0.5,0,True,AdversarialDebiasing,21.0367,1.9728,4.4962,5
adult_data_set,equalized_odds,0.5,0,True,ExponentiatedGradientReduction,21.6579,1.0375,3.7298,5
adult_data_set,equalized_odds,0.5,0,True,GridSearchReduction,21.8215,4.5405,4.6548,5
adult_data_set,equalized_odds,0.5,0,True,MetaFairClassifier,26.811,6.6212,10.0125,5
adult_data_set,equalized_odds,0.5,0,True,FAGTB,21.7549,1.5418,8.05,5
adult_data_set,equalized_odds,0.5,0,True,GradualCompatibility,23.3548,0.6258,2.9649,5
adult_data_set,equalized_odds,0.5,0,True,EqOddsPostprocessing,24.5247,0.4378,1.8666,5
adult_data_set,equalized_odds,0.5,0,True,CalibratedEqOddsPostprocessing,19.9984,31.29,24.4803,5
adult_data_set,equalized_odds,0.5,0,True,JiangNachum,21.8635,2.5065,5.4567,5
adult_data_set,equalized_odds,0.5,0,True,FaX,21.7751,3.7593,4.2134,5
acs2017_census,equalized_odds,0.5,0,True,Reweighing,10.3025,1.9078,6.0923,5
acs2017_census,equalized_odds,0.5,0,True,LFR,17.3222,3.1091,5.2352,5
acs2017_census,equalized_odds,0.5,0,True,DisparateImpactRemover,10.1311,1.0393,4.6914,5
acs2017_census,equalized_odds,0.5,0,True,Fair-SMOTE,10.8727,1.6323,6.8737,5
acs2017_census,equalized_odds,0.5,0,True,LTDD,13.4809,16.7274,28.6483,5
acs2017_census,equalized_odds,0.5,0,True,PrejudiceRemover,11.6584,1.7093,4.6944,5
acs2017_census,equalized_odds,0.5,0,True,GerryFairClassifier,11.0717,3.5367,7.2998,5
acs2017_census,equalized_odds,0.5,0,True,AdversarialDebiasing,9.6672,0.9338,6.6997,5
acs2017_census,equalized_odds,0.5,0,True,ExponentiatedGradientReduction,10.0917,1.345,3.755,5
acs2017_census,equalized_odds,0.5,0,True,GridSearchReduction,10.0477,2.2184,4.2448,5
acs2017_census,equalized_odds,0.5,0,True,MetaFairClassifier,21.0581,4.7152,5.8043,5
acs2017_census,equalized_odds,0.5,0,True,FAGTB,11.0469,1.1778,7.0477,5
acs2017_census,equalized_odds,0.5,0,True,GradualCompatibility,10.3493,1.8206,4.0216,5
acs2017_census,equalized_odds,0.5,0,True,EqOddsPostprocessing,12.7291,0.6676,7.5765,5
acs2017_census,equalized_odds,0.5,0,True,CalibratedEqOddsPostprocessing,11.0809,10.8637,12.1152,5
acs2017_census,equalized_odds,0.5,0,True,JiangNachum,10.5446,0.5936,4.3012,5
acs2017_census,equalized_odds,0.5,0,True,FaX,10.056,1.5948,4.06,5
